uor;prefixo;subordinada;nome_dependencia;nome_municipio;uf;lote;predio_nash
22693;4276;00;IBITURUNA           ;GOVERNADOR VALADARES        ;MG;6;0016e9d31a80
8371;1489;00;BALNEARIO CAMBORIU  ;BALNEARIO CAMBORIU          ;SC;2;0050fb28d57d
5303;0729;00;ITAGUAI             ;ITAGUAI                     ;RJ;5;00d8e30f1b3c
3049;0314;00;EMPRESA NOV.HAMBURGO;NOVO HAMBURGO               ;RS;2;00e41c7b7c75
451848;9157;00;ESCR.EXC.N.HAMBURGO ;NOVO HAMBURGO               ;RS;88;00e41c7b7c75
80436;6832;00;CONSELHEIRO CARRAO  ;SAO PAULO                   ;SP;5;00fd8c61f7a4
86933;5880;00;DEMARCHI            ;SAO BERNARDO DO CAMPO       ;SP;5;014a6485835e
9846;1793;00;ANTONIO FRANCISCO   ;CONGONHAS                   ;MG;5;017f5f21637d
1496;0091;00;MADUREIRA           ;RIO DE JANEIRO              ;RJ;88;0180598d1d4c
7008;1182;00;VILHENA             ;VILHENA                     ;RO;5;01ed0cb62338
8152;1432;00;AV.BRASILIA-CURITIBA;CURITIBA                    ;PR;5;02116adc31b6
450055;9105;00;ESCR.EXC.MACAPA     ;MACAPA                      ;AP;88;0245d9094a6c
13362;2877;00;EMPRESA VALE DO ACO ;IPATINGA                    ;MG;4;024f8abc1bed
4890;0647;00;VILA PRUDENTE       ;SAO PAULO                   ;SP;88;02b1fa11cdb7
7365;1234;00;VARADOURO           ;JOAO PESSOA                 ;PB;4;02d53886bffa
75106;4882;00;ESTILO LAGO SUL     ;BRASILIA                    ;DF;88;0334f37aa9e5
8880;1589;00;GUARANTA DO NORTE   ;GUARANTA DO NORTE           ;MT;6;038db96f6c40
6118;0925;00;GUARUJA             ;GUARUJA                     ;SP;5;0413c15b678f
8413;1498;00;BARRA VELHA         ;BARRA VELHA                 ;SC;6;0413d6f92578
6885;1147;00;SIDROLANDIA         ;SIDROLANDIA                 ;MS;5;041ab002d518
6175;0934;00;JABOATAO GUARARAPES ;JABOATAO DOS GUARARAPES     ;PE;5;042682839778
4401;0551;00;RONDONOPOLIS        ;RONDONOPOLIS                ;MT;3;04298bbd0b03
8083;1412;00;PRAIA GRANDE        ;PRAIA GRANDE                ;SP;6;051cfeda0f70
13989;3024;00;NAZARE              ;BELEM                       ;PA;6;05514e2e9271
2016;0166;00;GOVERNADOR VALADARES;GOVERNADOR VALADARES        ;MG;2;055f01c77fbf
6237;0951;00;JI-PARANA           ;JI-PARANA                   ;RO;3;05b1048e9e5f
10842;2071;00;JARDIM-MS           ;JARDIM                      ;MS;5;05ea5e252ef5
2746;0268;00;VOTUPORANGA         ;VOTUPORANGA                 ;SP;3;05ebdb38bf00
18249;6509;00;ALEXANDRINA-S.CARLOS;SAO CARLOS                  ;SP;5;05f695e217c3
7159;1210;00;CRAVINHOS           ;CRAVINHOS                   ;SP;6;06122bdac800
1077;0057;00;SAO JOSE RIO PRETO  ;SAO JOSE DO RIO PRETO       ;SP;5;065812a093a3
7475;1241;00;CARIACICA           ;CARIACICA                   ;ES;5;066e90ceb6e2
2278;0192;00;CAMAQUA             ;CAMAQUA                     ;RS;5;0671ec8dc53e
6062;0916;00;COTIA               ;COTIA                       ;SP;5;069cfe045b74
5036;0680;00;FREDERICO WESTPHALEN;FREDERICO WESTPHALEN        ;RS;6;0815c443862b
5131;0699;00;CAPIVARI            ;CAPIVARI                    ;SP;5;08b1ea057a13
999;0051;00;MACAE               ;MACAE                       ;RJ;2;08f8ad2ec2b7
2771;0273;00;ANDRADINA           ;ANDRADINA                   ;SP;5;0935e0d6859a
670;0030;00;PONTA GROSSA        ;PONTA GROSSA                ;PR;1;098b25e5e40b
5852;0859;00;MAL.CANDIDO RONDON  ;MARECHAL CANDIDO RONDON     ;PR;5;0a563604159d
5506;0766;00;LEME                ;LEME                        ;SP;3;0a5c3ea220f0
4736;0628;00;VIAMAO              ;VIAMAO                      ;RS;5;0b0a4122da20
5145;0704;00;PONTALINA           ;PONTALINA                   ;GO;5;0b3d5207465b
3592;0393;00;BOCAIUVA            ;BOCAIUVA                    ;MG;6;0bf4bffc15b0
8798;1577;00;TELEPORTO           ;RIO DE JANEIRO              ;RJ;5;0c2fd7fdcbe6
4922;0655;00;SAO MATEUS DO SUL   ;SAO MATEUS DO SUL           ;PR;5;0c611ca43bf8
450638;9139;00;ESCR.EXC.LONDRINA   ;LONDRINA                    ;PR;88;0c6a4e621b67
5629;0799;00;ITATIBA             ;ITATIBA                     ;SP;5;0ca84a78e0b1
80445;6841;00;VILA FALCAO-BAURU   ;BAURU                       ;SP;88;0d559701a5ff
5948;0883;00;GRAVATAI            ;GRAVATAI                    ;RS;5;0d57a847f47c
9490;1668;00;UFRN                ;NATAL                       ;RN;5;0da6cf87074f
3240;0341;00;ARARAS              ;ARARAS                      ;SP;5;0e76b1768247
4574;0586;00;XANXERE             ;XANXERE                     ;SC;3;0e96d4f7d48d
1836;0136;00;PALMEIRA DOS INDIOS ;PALMEIRA DOS INDIOS         ;AL;5;0f0944856ee9
1884;0141;00;MARILIA             ;MARILIA                     ;SP;5;0f4667f6c0a5
14519;3164;00;ITAPEMA MEIA PRAIA  ;ITAPEMA                     ;SC;5;0fa01bccb07c
22363;3992;00;VILA VALQUEIRE      ;RIO DE JANEIRO              ;RJ;88;0fe65379ec6e
450569;9206;00;ESCR.EXC.PALMAS     ;PALMAS                      ;TO;88;10c815b60658
6159;0930;00;IPIRA               ;IPIRA                       ;BA;5;10cef71ac092
12078;2517;00;REDENCAO            ;REDENCAO                    ;PA;5;112dabbf22cc
6556;1029;00;BELMONTE            ;BELMONTE                    ;BA;88;113b4874e344
4508;0574;00;PINDAMONHANGABA     ;PINDAMONHANGABA             ;SP;5;119b17778d7e
5054;0683;00;JACAREI             ;JACAREI                     ;SP;4;11ffa5b43c1e
2926;0299;00;GUARAPUAVA          ;GUARAPUAVA                  ;PR;2;1239d272202d
3486;0377;00;FORMOSA             ;FORMOSA                     ;GO;5;13093e2195e3
3941;0459;00;STA.BARBARA D OESTE ;SANTA BARBARA D'OESTE       ;SP;5;13432e2ad57d
3976;0466;00;SAO FRANCISCO DO SUL;SAO FRANCISCO DO SUL        ;SC;6;135b0f5858be
18251;6511;00;CATEDRAL-SOROCABA   ;SOROCABA                    ;SP;3;135e5f8cf310
442540;8251;00;EMPRESA SOROCABANA  ;SOROCABA                    ;SP;2;135e5f8cf310
18243;6503;00;RUA DOUTOR QUIRINO  ;CAMPINAS                    ;SP;2;13cf01c9042d
3389;0361;00;CURRAIS NOVOS       ;CURRAIS NOVOS               ;RN;5;13dcf2071ad4
4349;0542;00;ARAPIRACA           ;ARAPIRACA                   ;AL;5;13ed58c5909f
8343;1483;00;SARANDI             ;SARANDI                     ;PR;5;145a594a908e
6479;1006;00;CUBATAO             ;CUBATAO                     ;SP;5;1479003ab79f
2968;0305;00;ITAJAI              ;ITAJAI                      ;SC;3;148022c35d3d
15346;3384;00;PAULISTA            ;PIRACICABA                  ;SP;5;14ecdf4d6eec
6326;0968;00;PIUMHI              ;PIUMHI                      ;MG;6;1506087697d0
7333;1232;00;BAIRRO DA PEDREIRA  ;BELEM                       ;PA;5;152d88b8b92b
1926;0150;00;CABO FRIO           ;CABO FRIO                   ;RJ;5;15891b54faa3
2352;0206;00;MAFRA               ;MAFRA                       ;SC;5;15b24fd99c19
11259;2226;00;JUINA               ;JUINA                       ;MT;5;16492c5ff7d9
2386;0214;00;ASSU                ;ACU                         ;RN;5;164b9ccb0ec3
6254;0954;00;NAVIRAI             ;NAVIRAI                     ;MS;5;166813c57e59
1730;0123;00;AQUIDAUANA          ;AQUIDAUANA                  ;MS;6;16dafa47fe12
452060;9172;00;ESCR.EXC.ARARAQUARA ;ARARAQUARA                  ;SP;88;17ab80ff59b9
3062;0315;00;TRES RIOS           ;TRES RIOS                   ;RJ;5;18c7de7aa1bf
2406;0217;00;UNIAO DA VITORIA    ;UNIAO DA VITORIA            ;PR;5;18cc00b9c7e9
14408;3130;00;GLORIA              ;VILA VELHA                  ;ES;5;19105387012d
13658;2937;00;EMPRESA TERRA DO SOL;FORTALEZA                   ;CE;2;192cb8705f0c
2378;0212;00;FORMIGA             ;FORMIGA                     ;MG;4;19844bab5090
7169;1212;00;AV.TIRADENTES       ;LONDRINA                    ;PR;4;1a5985552464
3398;0364;00;LAVRAS              ;LAVRAS                      ;MG;3;1a7602280e7a
13609;2925;00;AVENIDA JOSE BASTOS ;FORTALEZA                   ;CE;88;1ad0ddc49b30
2305;0198;00;BARIRI              ;BARIRI                      ;SP;6;1ad32b2fdbbe
86714;5190;00;EST.INV.CAPITAL     ;BRASILIA                    ;DF;88;1ad7705df921
1033;0053;00;FRANCA              ;FRANCA                      ;SP;3;1adec07dd573
450108;9156;00;ESCR.EXC.BOA VISTA  ;BOA VISTA                   ;RR;88;1b435dcd9de1
12345;2617;00;EMPRESA BOA VISTA   ;BOA VISTA                   ;RR;2;1c69e8253803
8244;1452;00;APARECIDA DE GOIANIA;APARECIDA DE GOIANIA        ;GO;5;1c6c56d8d776
3005;0308;00;ITAJUBA             ;ITAJUBA                     ;MG;5;1ca4e59d453d
5003;0674;00;SAO BENTO DO SUL    ;SAO BENTO DO SUL            ;SC;4;1d17e3e773ef
11501;2315;00;ITAIPU              ;NITEROI                     ;RJ;5;1de106502fec
5106;0695;00;CAMPO LARGO         ;CAMPO LARGO                 ;PR;5;1e33c98db069
13914;3004;00;BAIRRO INDUSTRIAL   ;CHAPECO                     ;SC;6;1e8c80f8e8b4
1708;0118;00;ORLANDIA            ;ORLANDIA                    ;SP;5;1e96ef2f42c9
2357;0208;00;TRES LAGOAS         ;TRES LAGOAS                 ;MS;4;1f1b57979f8f
6263;0957;00;PALMEIRA            ;PALMEIRA                    ;PR;5;1fb40c92e436
5415;0751;00;SAO JOAO DE MERITI  ;SAO JOAO DE MERITI          ;RJ;3;1fd5ea8b7e76
4905;0653;00;SAPIRANGA           ;SAPIRANGA                   ;RS;4;202875b68089
3582;0392;00;CINELANDIA          ;RIO DE JANEIRO              ;RJ;3;204ba231bf95
2430;0221;00;RIO VERDE           ;RIO VERDE                   ;GO;6;205968660e1c
75663;5255;00;LAURO LINHARES      ;FLORIANOPOLIS               ;SC;5;2076055ef329
13500;2906;00;AV.OSORIO DE PAIVA  ;FORTALEZA                   ;CE;5;207720596ccd
13066;2815;00;PIRITUBA            ;SAO PAULO                   ;SP;3;20b52916ac22
22836;4323;00;CALHAU              ;SAO LUIS                    ;MA;5;20f80828abf7
9546;1683;00;CACAPAVA            ;CACAPAVA                    ;SP;6;215cd60610f2
6619;1051;00;CRISTALINA          ;CRISTALINA                  ;GO;6;2179451afb10
16766;3777;00;AV.CAP.MOR.GOUVEIA  ;NATAL                       ;RN;5;2191af072a16
8016;1401;00;JARU                ;JARU                        ;RO;5;21c45c1d8b3c
1973;0159;00;CARUARU             ;CARUARU                     ;PE;3;21eb0da47303
6454;1003;00;ASA NORTE 504       ;BRASILIA                    ;DF;1;21f1c40fc936
13917;3005;00;BAIRRO JUNDIAI      ;ANAPOLIS                    ;GO;6;2299633648c5
80198;6594;00;PCA.DR.GAMA-BIRIGUI ;BIRIGUI                     ;SP;5;22cc0d780f33
1177;0068;00;ARCOVERDE           ;ARCOVERDE                   ;PE;5;22ed2c09cd83
760;0035;00;SANTANA LIVRAMENTO  ;SANTANA DO LIVRAMENTO       ;RS;5;22f4e829b375
79863;5750;00;EMPRESA SAO LUIS MA ;SAO LUIS                    ;MA;5;23477ff8d2a7
6537;1022;00;PRACA DO RELOGIO    ;BRASILIA                    ;DF;6;236ca24a0825
3067;0316;00;MANHUACU            ;MANHUACU                    ;MG;4;23a69c855135
80423;6819;00;TIRADENTES-SAO PAULO;SAO PAULO                   ;SP;1;23cf07f69ec8
11599;2354;00;NOVA SERRANA        ;NOVA SERRANA                ;MG;5;244aad31730f
6314;0964;00;PIEDADE             ;PIEDADE                     ;SP;5;246b6531b266
4133;0496;00;INHUMAS             ;INHUMAS                     ;GO;5;24e55d204f6a
4199;0508;00;UNAI                ;UNAI                        ;MG;3;2501b00cc1fe
612;0026;00;CARANGOLA           ;CARANGOLA                   ;MG;5;2520b385bd88
2308;0199;00;ITAPETININGA        ;ITAPETININGA                ;SP;4;25c727fac29e
11672;2365;00;OLINDA              ;OLINDA                      ;PE;3;260bfff78fa1
14389;3128;00;MARIA QUITERIA      ;FEIRA DE SANTANA            ;BA;5;2618aaeb2080
80291;6687;00;PITANGUEIRAS-GUARUJA;GUARUJA                     ;SP;5;268ba9b5a8b2
87307;8177;00;GENERAL SAMPAIO     ;GENERAL SAMPAIO             ;CE;88;276ad53be19b
2461;0224;00;CORNELIO PROCOPIO   ;CORNELIO PROCOPIO           ;PR;5;27893d4818a0
14688;3205;00;MANOEL HONORIO      ;JUIZ DE FORA                ;MG;6;28838b64de3a
4745;0630;00;LAPA                ;LAPA                        ;PR;5;288c707cbd79
3316;0351;00;BATATAIS            ;BATATAIS                    ;SP;5;28a2c9a6310d
3743;0416;00;TAQUARA             ;TAQUARA                     ;RS;5;28a46bf64466
3391;0362;00;PALMEIRA DAS MISSOES;PALMEIRA DAS MISSOES        ;RS;5;28b0b64814e7
3295;0347;00;PENAPOLIS           ;PENAPOLIS                   ;SP;5;2909389f3e34
2053;0171;00;ITAPIRA             ;ITAPIRA                     ;SP;5;2943ab81ebf8
6052;0912;00;COLORADO            ;COLORADO                    ;PR;5;294a266930d4
13464;2899;00;ALCANTARA           ;SAO GONCALO                 ;RJ;4;295115714a6a
1716;0121;00;ARACATI             ;ARACATI                     ;CE;5;29dfeaf9ff51
8237;1451;00;APARECIDA           ;APARECIDA                   ;SP;5;2a9d2a7f320f
14111;3053;00;ADRIANOPOLIS        ;MANAUS                      ;AM;5;2aa059e61b9a
4459;0565;00;MARABA              ;MARABA                      ;PA;3;2aaf94bc0d24
15066;3290;00;PRIMAVERA DO LESTE  ;PRIMAVERA DO LESTE          ;MT;5;2ae28c7254c3
14007;3028;00;PELINCA             ;CAMPOS DOS GOYTACAZES       ;RJ;5;2b06bfcb8484
80486;6882;00;OITO DE SETEMBRO    ;ITAQUAQUECETUBA             ;SP;6;2b2009ee5358
450096;9127;00;ESCR.EXC.PANTANAL   ;CAMPO GRANDE                ;MS;88;2bb48b0302a6
11341;2256;00;MACAIBA             ;MACAIBA                     ;RN;5;2bc60a7fdaf2
3427;0368;00;POUSO ALEGRE        ;POUSO ALEGRE                ;MG;3;2bd41b162dfe
85565;5960;00;SEC.DA SAUDE-SP     ;SAO PAULO                   ;SP;5;2befdc69cf29
9660;1726;00;CANDEIAS-BA         ;CANDEIAS                    ;BA;5;2d77381736a3
5163;0709;00;PANAMBI             ;PANAMBI                     ;RS;5;2dae010b9532
8882;1590;00;SAPEZAL             ;SAPEZAL                     ;MT;4;2e297dd5070a
4012;0475;00;GUAIRA              ;GUAIRA                      ;SP;5;2e751391d732
21998;4081;00;ALTO DO IPIRANGA    ;SAO PAULO                   ;SP;4;2e7697eeb159
80529;6925;00;ESCR.EXC.TAUBATE    ;TAUBATE                     ;SP;88;2e7d0209f79b
13309;2871;00;NOSSA SRA.DE LOURDES;CAXIAS DO SUL               ;RS;4;2e86f8097da2
1123;0062;00;BARBACENA           ;BARBACENA                   ;MG;4;2e8a703bf902
1162;0067;00;GARANHUNS           ;GARANHUNS                   ;PE;4;2e8e81e93c2e
80204;6600;00;LINENSE             ;LINS                        ;SP;5;2f0e8ad87a8a
527263;9090;24;CESUP INF GP/PRED 5 ;RIO DE JANEIRO              ;RJ;6;2f681df2b760
527299;9090;48;CESUP INF GP/SEDAN  ;RIO DE JANEIRO              ;RJ;4;2f681df2b760
7298;1230;00;SETOR COMERCIAL SUL ;BRASILIA                    ;DF;5;301c32516aec
75109;4885;00;ESTILO MONUMENTAL-DF;BRASILIA                    ;DF;88;30bfa0db093f
7598;1255;00;CAJU                ;RIO DE JANEIRO              ;RJ;88;3102e8f92179
14177;3068;00;CIDADE NOVA-MG      ;BELO HORIZONTE              ;MG;5;3112a7c6e4f0
12007;2489;00;PORTO SEGURO        ;PORTO SEGURO                ;BA;5;3124fe086aaa
12613;2695;00;SOCORRO             ;SOCORRO                     ;SP;5;3132a962538b
4275;0528;00;BACABAL             ;BACABAL                     ;MA;5;313e0bd6be35
8748;1563;00;AVENIDA GOIAS       ;SAO CAETANO DO SUL          ;SP;6;314084a63534
22118;3852;00;CORP BANK MARILIA   ;MARILIA                     ;SP;5;31723b62c2a9
451913;9182;00;ESCR.EXC.MARILIA    ;MARILIA                     ;SP;88;31723b62c2a9
322934;8428;00;ESTILO OLHOS D AGUA ;BRASILIA                    ;DF;88;31d02ded625b
2899;0296;00;BANGU               ;RIO DE JANEIRO              ;RJ;5;31dce5cc5e84
14261;3092;00;FRANCA DO IMPERADOR ;FRANCA                      ;SP;5;31f45dc36144
452062;9177;00;ESCR.EXC.FRANCA     ;FRANCA                      ;SP;88;31f45dc36144
5548;0778;00;TORRES              ;TORRES                      ;RS;5;31f5f3bdc51e
3735;0415;00;ATIBAIA             ;ATIBAIA                     ;SP;5;3208c9d418ac
80449;6845;00;VILA PRADO-S.CARLOS ;SAO CARLOS                  ;SP;5;3350782e3c02
3467;0373;00;DRACENA             ;DRACENA                     ;SP;5;339dc31dd4c8
1724;0122;00;IGUATU              ;IGUATU                      ;CE;5;35080791a5c4
2056;0172;00;RIO CLARO           ;RIO CLARO                   ;SP;4;353e80ec423c
3625;0399;00;MACHADO             ;MACHADO                     ;MG;6;3548759b9eb1
3935;0458;00;CERES               ;CERES                       ;GO;4;355522f4dc55
1830;0135;00;JACOBINA            ;JACOBINA                    ;BA;5;35685d4a76fd
8659;1533;00;CANDELARIA-RN       ;NATAL                       ;RN;5;361080d6f909
5454;0756;00;PORTAO-CURITIBA     ;CURITIBA                    ;PR;2;362fd0ae378a
80213;6609;00;PRACA NOVE DE JULHO ;PRESIDENTE PRUDENTE         ;SP;88;364185ba74d1
3254;0343;00;CANOINHAS           ;CANOINHAS                   ;SC;5;3642f63d39ac
2289;0194;00;PASSOS              ;PASSOS                      ;MG;3;36756f81379f
7106;1199;00;PERDIZES-SP         ;SAO PAULO                   ;SP;5;3678648d03cc
14847;3245;00;PARAUAPEBAS         ;PARAUAPEBAS                 ;PA;5;371060348f52
12366;2623;00;IGAPO               ;SAO GONCALO DO AMARANTE     ;RN;5;377e0430d2b6
1991;0162;00;SAO JOAO DEL REI    ;SAO JOAO DEL REI            ;MG;3;37f017b50a64
2442;0222;00;SAO MATEUS          ;SAO MATEUS                  ;ES;5;3829df83924e
3753;0418;00;CASA BRANCA         ;CASA BRANCA                 ;SP;5;3898e7e8ee06
14615;3186;00;PONTA VERDE         ;MACEIO                      ;AL;6;39b5870cf262
10756;2035;00;PARNAMIRIM          ;PARNAMIRIM                  ;RN;5;3adf23b22689
7727;1295;00;MESSEJANA           ;FORTALEZA                   ;CE;5;3b0e5c1dcce0
13018;2806;00;BAIRRO PETROPOLIS   ;PORTO ALEGRE                ;RS;6;3b9225f5dca9
11304;2244;00;LAJEDO              ;LAJEDO                      ;PE;5;3bb7f6b8077e
4210;0510;00;ITAPEVA             ;ITAPEVA                     ;SP;4;3bd49ca53659
11851;2427;00;PEDREIRA            ;PEDREIRA                    ;SP;5;3bd872cb1d25
6982;1179;00;CACOAL              ;CACOAL                      ;RO;3;3bd90ae0d901
13360;2876;00;VILA GALVAO         ;GUARULHOS                   ;SP;5;3be88fd40a6c
455182;9925;00;ESCR.EXC.VILA GALVAO;GUARULHOS                   ;SP;88;3be88fd40a6c
13101;2823;00;HAUER               ;CURITIBA                    ;PR;5;3c5931bf1127
2366;0210;00;ARAXA               ;ARAXA                       ;MG;5;3c60baf69e02
3639;0402;00;FERNANDOPOLIS       ;FERNANDOPOLIS               ;SP;4;3c7942453809
80117;6512;00;AV.BRASIL-ARARAQUARA;ARARAQUARA                  ;SP;3;3ca168ac717f
6968;1177;00;ALTA FLORESTA       ;ALTA FLORESTA               ;MT;5;3d0734c5f8ef
80137;6533;00;PC.RUI BARBOSA-BAURU;BAURU                       ;SP;5;3d65c99301ce
5848;0858;00;MARAVILHA           ;MARAVILHA                   ;SC;6;3e2d995c7377
9323;1634;00;PARQUE DA CRIANCA   ;CAMPINA GRANDE              ;PB;5;3ec36f68e36b
5509;0767;00;ITABIRA             ;ITABIRA                     ;MG;4;3ed084d54d6e
4623;0598;00;LEBLON              ;RIO DE JANEIRO              ;RJ;4;3ef3caa396f9
1820;0133;00;TUPA                ;TUPA                        ;SP;5;3f1867a2c0d5
10986;2128;00;PAIAGUAS            ;CUIABA                      ;MT;6;3f5b0b45deec
9330;1635;00;CRUZ DAS ARMAS      ;JOAO PESSOA                 ;PB;5;40027aedd596
9604;1705;00;CALDAS NOVAS        ;CALDAS NOVAS                ;GO;5;4024c46b6c08
4658;0606;00;POSSE               ;POSSE                       ;GO;5;4053c62a62fa
2242;0190;00;PATOS DE MINAS      ;PATOS DE MINAS              ;MG;2;40ab9e86ad7f
3833;0435;00;PRACA MAUA          ;RIO DE JANEIRO              ;RJ;2;40b5d7743ab1
2415;0218;00;SANTA CRUZ RIO PARDO;SANTA CRUZ DO RIO PARDO     ;SP;5;40bc934e26eb
9883;1803;00;SHOPPING DA BAHIA   ;SALVADOR                    ;BA;5;40eff6e1749d
7060;1193;00;BAIRRO DO LIMAO     ;SAO PAULO                   ;SP;5;416f9a5a2b29
8445;1505;00;EMPRESA PALMAS      ;PALMAS                      ;TO;3;4183763d9d5e
7710;1289;00;TEIXEIRA DE FREITAS ;TEIXEIRA DE FREITAS         ;BA;6;42a8e84392c9
80158;6554;00;ESTANCIA ATIBAIA    ;ATIBAIA                     ;SP;2;431984e4c209
7628;1263;00;SAO VICENTE         ;SAO VICENTE                 ;SP;5;43972364c2f1
29048;1879;00;HIGH ESTILO SAVASSI ;BELO HORIZONTE              ;MG;88;43a6edf01a3d
14503;3159;00;ITAIPAVA            ;PETROPOLIS                  ;RJ;5;4462a4fc4334
12709;2727;00;ASA NORTE 316       ;BRASILIA                    ;DF;3;44fa9e5a5407
9644;1718;00;CAMPO ERE           ;CAMPO ERE                   ;SC;5;4557a9d725dd
8741;1561;00;BAIRRO ASSUNCAO     ;SAO BERNARDO DO CAMPO       ;SP;6;45717042469b
1091;0058;00;LINS                ;LINS                        ;SP;5;457ab1633945
3265;0345;00;LAGUNA              ;LAGUNA                      ;SC;5;45c49dd72ec3
4870;0645;00;UMUARAMA            ;UMUARAMA                    ;PR;2;461b65127107
80380;6776;00;ARACOIABA DA SERRA  ;ARACOIABA DA SERRA          ;SP;5;4730ee4f123e
86620;5027;00;ESTILO TERESINA     ;TERESINA                    ;PI;2;48d358872ffb
15666;3482;00;AV.CASTELO BRANCO   ;GOIANIA                     ;GO;6;49108aab73e1
77004;5605;00;13 DE MAIO          ;TERESINA                    ;PI;3;49f31688dbc9
4278;0529;00;URUACU              ;URUACU                      ;GO;5;4a57bf6379e2
2498;0231;00;BARREIRAS           ;BARREIRAS                   ;BA;5;4a66a8e2e06b
4489;0571;00;BARRA DO GARCAS     ;BARRA DO GARCAS             ;MT;3;4af266d8c013
2100;0177;00;CARATINGA           ;CARATINGA                   ;MG;3;4b4dfa0c4872
6607;1047;00;CONCEICAO DO COITE  ;CONCEICAO DO COITE          ;BA;5;4b517e71ad35
3983;0467;00;ITAPOLIS            ;ITAPOLIS                    ;SP;5;4ba9f58273ce
24440;4404;00;CEASA-TERESINA      ;TERESINA                    ;PI;6;4c01a6dff696
8418;1501;00;BAIRRO BRASIL       ;UBERLANDIA                  ;MG;6;4c20ab75649f
2795;0278;00;ITABAIANA-SE        ;ITABAIANA                   ;SE;5;4c304e663b5e
13997;3025;00;BROTAS              ;SALVADOR                    ;BA;4;4c3f39d30c05
6390;0985;00;SEABRA              ;SEABRA                      ;BA;5;4c6fc1c8d6f0
5193;0714;00;CABO                ;CABO DE SANTO AGOSTINHO     ;PE;5;4c8093918ffd
15184;3325;00;GOIABEIRAS          ;CUIABA                      ;MT;2;4cafec227d06
80587;6983;00;HORTOLANDIA         ;HORTOLANDIA                 ;SP;5;4ce974a7091a
80408;6804;00;R.VOL.PATRIA-S.PAULO;SAO PAULO                   ;SP;5;4d026aaac5b3
5068;0685;00;CAMPOS NOVOS        ;CAMPOS NOVOS                ;SC;5;4d7eb7c8dea9
1505;0092;00;EMPRESA PASSO FUNDO ;PASSO FUNDO                 ;RS;2;4d880819d2f3
4566;0584;00;VILA MARIA          ;SAO PAULO                   ;SP;1;4e6b0a44f3a8
5750;0830;00;ASSIS CHATEAUBRIAND ;ASSIS CHATEAUBRIAND         ;PR;5;4e907cbf2825
2823;0287;00;BOTAFOGO            ;RIO DE JANEIRO              ;RJ;3;4f8fc1e4253c
5980;0893;00;ARARUAMA            ;ARARUAMA                    ;RJ;2;4fb4fc2ce39a
5134;0700;00;ACOPIARA            ;ACOPIARA                    ;CE;5;4fdfab50c46c
13502;2907;00;ICARAI              ;NITEROI                     ;RJ;4;504081265a2e
1898;0144;00;ALEGRETE            ;ALEGRETE                    ;RS;5;5052b26c2959
7207;1218;00;BEZERRA DE MENEZES  ;FORTALEZA                   ;CE;5;50c542d81d50
80122;6518;00;RUA BISPO RODOVALHO ;TAUBATE                     ;SP;88;5102685d144d
13592;2922;00;VILA SANTA CECILIA  ;VOLTA REDONDA               ;RJ;5;510bb8073874
22421;4222;00;PIONEIRA            ;MARABA                      ;PA;5;512738e67f30
450101;9125;00;ESCR.EXC.VALE DO ACO;IPATINGA                    ;MG;88;51286c6e73ce
13669;2942;00;PELOTAS             ;PELOTAS                     ;RS;4;517ad9f137c5
450401;7613;00;ESCR.EXC.PROF MILTON;SALVADOR                    ;BA;88;518aa6f2b185
80543;6939;00;VILA CARMOSINA      ;SAO PAULO                   ;SP;6;51abdeb7bb1b
6143;0928;00;INDAIAL             ;INDAIAL                     ;SC;5;51b597d3b7b6
6095;0924;00;GUARAPARI           ;GUARAPARI                   ;ES;5;51bc836ccab9
12693;2723;00;TIJUCAS             ;TIJUCAS                     ;SC;5;51f0026659b6
8185;1436;00;ANANINDEUA          ;ANANINDEUA                  ;PA;5;52acd5405463
2547;0241;00;QUIXADA             ;QUIXADA                     ;CE;5;52f435f27373
80126;6522;00;ATENAS-ITAPETININGA ;ITAPETININGA                ;SP;5;531e0f949764
12824;2763;00;VARGEM GRANDE DO SUL;VARGEM GRANDE DO SUL        ;SP;5;53667b118ab5
22482;4233;00;CIDADE NOVA-PA      ;ANANINDEUA                  ;PA;5;53cb16fcab02
1483;0090;00;ARAGUARI            ;ARAGUARI                    ;MG;4;53e550651f14
3755;0419;00;IGARAPAVA           ;IGARAPAVA                   ;SP;5;54118195e213
86720;5701;00;ESTILO GOIAS        ;GOIANIA                     ;GO;88;54f82405815e
996;0050;00;CATANDUVA           ;CATANDUVA                   ;SP;3;554e163b9381
13749;2954;00;RENASCENCA          ;SAO LUIS                    ;MA;6;556b23408199
15126;3304;00;PRIMEIRO DE MAIO-SP ;SANTO ANDRE                 ;SP;6;55a6d2a816b0
1564;0098;00;UBERLANDIA          ;UBERLANDIA                  ;MG;1;55b4c8c73786
4935;0659;00;MINEIROS            ;MINEIROS                    ;GO;4;560a3889446e
5675;0811;00;VALINHOS            ;VALINHOS                    ;SP;5;562f8b34319c
13022;2807;00;ITAIM BIBI          ;SAO PAULO                   ;SP;3;563564638897
9359;1640;00;BARAO DE GURGUEIA   ;TERESINA                    ;PI;4;571ae38f2141
22588;4249;00;EMPRESA RIO POTI    ;TERESINA                    ;PI;5;571ae38f2141
6810;1119;00;PRESIDENTE DUTRA    ;PRESIDENTE DUTRA            ;MA;5;57cf4c9327c1
566;0023;00;PARNAIBA            ;PARNAIBA                    ;PI;3;587f258e5820
15014;3285;00;PRACA DO LICEU      ;TERESINA                    ;PI;5;589386321973
322968;8527;00;HIGH ESTILO EST UNID;SAO PAULO                   ;SP;88;58ee2978d795
2014;0165;00;OLIMPIA             ;OLIMPIA                     ;SP;5;596aec17947c
21685;4057;00;REPUBLICA DO LIBANO ;GOIANIA                     ;GO;6;598df5205f25
80425;6821;00;VILA CARRAO         ;SAO PAULO                   ;SP;3;599a595c96bb
13813;2973;00;AV.PRESIDENTE VARGAS;RIO VERDE                   ;GO;5;5a1f09fc807f
450611;9129;00;ESCR.EXC.CID.VERDE  ;CUIABA                      ;MT;88;5a649761d5b0
8345;1484;00;DR.MARIANO DA ROCHA ;SANTA MARIA                 ;RS;5;5a6cc0b2fc43
11098;2168;00;ITAPECERICA DA SERRA;ITAPECERICA DA SERRA        ;SP;5;5a848229838a
3821;0433;00;JUAZEIRO DO NORTE   ;JUAZEIRO DO NORTE           ;CE;2;5a8a609f7c63
17628;5568;00;AVENIDA VP 8        ;MARABA                      ;PA;5;5ac7cdd9b037
4700;0617;00;CANGUCU             ;CANGUCU                     ;RS;4;5ae89426e9ea
8817;1579;00;TAQUARA             ;RIO DE JANEIRO              ;RJ;5;5b0b165ea6a6
3594;0394;00;SAO GONCALO         ;SAO GONCALO                 ;RJ;3;5b2c602a0d3e
6542;1024;00;BARBALHA            ;BARBALHA                    ;CE;5;5b7a77cc933c
4880;0646;00;ANA ROSA            ;SAO PAULO                   ;SP;1;5be7d0c96066
4239;0517;00;CURITIBANOS         ;CURITIBANOS                 ;SC;5;5bf416bd070e
80458;6854;00;RUA MAJOR MATHEUS   ;BOTUCATU                    ;SP;5;5c1f890f3091
4579;0587;00;TOLEDO              ;TOLEDO                      ;PR;2;5c38ece813cb
1221;0071;00;EMPRESA RIO BRANCO  ;RIO BRANCO                  ;AC;3;5c396cfe13f6
85492;5927;00;EMPRESA AMAZONAS    ;MANAUS                      ;AM;5;5c4130518aef
6072;0918;00;DESCALVADO          ;DESCALVADO                  ;SP;5;5c9db0bdc999
450444;7718;00;ESCR.ESTILO P.ALEGRE;PORTO ALEGRE                ;RS;88;5cd5ce86d840
5993;0896;00;BARRA BONITA-SP     ;BARRA BONITA                ;SP;5;5d29097341c7
5084;0690;00;SANTA HELENA GOIAS  ;SANTA HELENA DE GOIAS       ;GO;5;5da3c64881e6
3261;0344;00;DIAMANTINA          ;DIAMANTINA                  ;MG;5;5ddbd72c5a08
2041;0168;00;ALFENAS             ;ALFENAS                     ;MG;5;5e266a8adfe1
1258;0072;00;NITEROI             ;NITEROI                     ;RJ;3;5e4265f1f61b
4269;0526;00;QUIRINOPOLIS        ;QUIRINOPOLIS                ;GO;5;5f4c06726a55
3965;0463;00;PIRES DO RIO        ;PIRES DO RIO                ;GO;6;5f5d20a3c6aa
3419;0366;00;MONTE CARMELO       ;MONTE CARMELO               ;MG;5;5f61b2b84ecf
13759;2959;00;AV.CORONEL ANTONINO ;CAMPO GRANDE                ;MS;6;605485100649
16595;3698;00;JAGUARARI-RN        ;NATAL                       ;RN;6;605b3b3cf051
542266;9781;00;GEINV JOAO PESSOA   ;JOAO PESSOA                 ;PB;88;60985597cf8f
450058;9102;00;ESCR.EXC.RIO BRANCO ;RIO BRANCO                  ;AC;88;60d456a336b3
80419;6815;00;CLOVIS BEVILACQUA   ;SAO PAULO                   ;SP;2;6150cae8e089
3729;0414;00;CRUZ DAS ALMAS      ;CRUZ DAS ALMAS              ;BA;5;6154fd0fb53d
9804;1773;00;CHAPADINHA          ;CHAPADINHA                  ;MA;6;61e8d803d039
3564;0391;00;DOURADOS            ;DOURADOS                    ;MS;2;6203525b78c5
75619;5209;00;CENTENARIO          ;CRICIUMA                    ;SC;3;62390da3c573
1686;0111;00;MIRASSOL            ;MIRASSOL                    ;SP;5;6247307a181e
15606;3475;00;ASA NORTE 201       ;BRASILIA                    ;DF;6;6271ff5f7614
2318;0201;00;TUBARAO             ;TUBARAO                     ;SC;3;62dd25160088
1145;0064;00;GUAXUPE             ;GUAXUPE                     ;MG;5;648851faba47
3298;0348;00;BIRIGUI             ;BIRIGUI                     ;SP;5;65553a300063
1827;0134;00;MATAO               ;MATAO                       ;SP;5;663fec1283ff
80118;6513;00;CATEDRAL-GUARA      ;GUARATINGUETA               ;SP;4;66aab967cd5a
16273;3608;00;AVENIDA AFONSO PENA ;BELO HORIZONTE              ;MG;3;66b85e5d3759
11403;2280;00;MARICA              ;MARICA                      ;RJ;6;66b94352a798
3653;0404;00;VALENCA             ;VALENCA                     ;RJ;5;66d742d37824
452161;9162;00;ESCR.EXC.SANTA MARIA;SANTA MARIA                 ;RS;88;674d088cf7f2
11744;2383;00;PALHOCA             ;PALHOCA                     ;SC;5;67c6cc7d5e84
14167;3066;00;CHAPADAO DO SUL     ;CHAPADAO DO SUL             ;MS;4;67dd11b4585e
15204;3328;00;VICENTE MACHADO     ;PONTA GROSSA                ;PR;5;685c7614d972
3032;0312;00;SANTO ANTONIO PADUA ;SANTO ANTONIO DE PADUA      ;RJ;5;685cc2ee3c01
6258;0955;00;ORLEANS             ;ORLEANS                     ;SC;5;68c664363a89
5299;0728;00;NOVA ANDRADINA      ;NOVA ANDRADINA              ;MS;5;68e0b8a16b96
15600;3473;00;PAPICU              ;FORTALEZA                   ;CE;5;691e4d99c205
14325;3111;00;JARDIM GUANABARA    ;RIO DE JANEIRO              ;RJ;5;69d9bf3ca0ac
2031;0167;00;BRAGANCA PAULISTA   ;BRAGANCA PAULISTA           ;SP;4;6a55de8a1c02
80523;6919;00;AV.DUQUE DE CAXIAS  ;BAURU                       ;SP;5;6aad9fe211a5
15645;3478;00;EMPRESA SUL         ;BRASILIA                    ;DF;88;6adc3737aa73
7790;1321;00;TANGARA DA SERRA    ;TANGARA DA SERRA            ;MT;5;6b66190603a7
2374;0211;00;MARACAJU            ;MARACAJU                    ;MS;5;6ba86609f432
2148;0181;00;BENTO GONCALVES     ;BENTO GONCALVES             ;RS;2;6c1da7510c99
16801;3790;00;BAIRRO PRAIA CANTO  ;VITORIA                     ;ES;5;6c83ac4636e6
16156;3596;00;CONGRESSO NACIONAL  ;BRASILIA                    ;DF;88;6c883bf9f155
25790;4655;00;MONGAGUA            ;MONGAGUA                    ;SP;5;6ce0269d3c19
13299;2869;00;ITOUPAVA NORTE      ;BLUMENAU                    ;SC;6;6d794b7565f5
16455;3655;00;BARAO DE ARACATI    ;FORTALEZA                   ;CE;88;6d990d3d96dd
7143;1206;00;VILA ALPINA         ;SAO PAULO                   ;SP;5;6dbc8f181221
2820;0286;00;MURIAE              ;MURIAE                      ;MG;4;6ddd4e6b5ee8
80209;6605;00;AV.SAMPAIO VIDAL    ;MARILIA                     ;SP;5;6de60a1bae45
442536;8246;00;EMPRESA CONTINENTE  ;FLORIANOPOLIS               ;SC;4;6deb4f3d0556
14308;3108;00;ESPINHEIRO          ;RECIFE                      ;PE;4;6e2e9cb6ae89
3014;0309;00;POCOS DE CALDAS     ;POCOS DE CALDAS             ;MG;88;6ebaf57a12b5
12359;2620;00;SAO GABRIEL DO OESTE;SAO GABRIEL DO OESTE        ;MS;6;6efec7322f74
80302;6698;00;RUA FREI GASPAR     ;SAO VICENTE                 ;SP;4;6f69ceff8f9c
4340;0540;00;ARARANGUA           ;ARARANGUA                   ;SC;5;704b6d4e8899
11522;2324;00;MONTE MOR           ;MONTE MOR                   ;SP;6;707d03d08176
4261;0523;00;SAO ROQUE           ;SAO ROQUE                   ;SP;4;709dc12c998d
2469;0225;00;SERRINHA            ;SERRINHA                    ;BA;5;70c1663e1cdc
4681;0613;00;SANTA INES          ;SANTA INES                  ;MA;5;715dec62d70d
21805;4059;00;RUA DA ASSEMBLEIA   ;RIO DE JANEIRO              ;RJ;3;716de3611842
22689;4272;00;DOM JOSE            ;SOBRAL                      ;CE;5;72122dff24bd
8392;1492;00;SORRISO             ;SORRISO                     ;MT;3;72422bcd92e0
8005;1400;00;JARDIM DA PENHA     ;VITORIA                     ;ES;5;72606e98bece
80174;6570;00;CATEDRAL-ASSIS      ;ASSIS                       ;SP;5;72ca9d8573fa
15556;3460;00;IMBUI               ;SALVADOR                    ;BA;5;72e47eea1747
5373;0744;00;BOM JESUS DA LAPA   ;BOM JESUS DA LAPA           ;BA;5;72ea2257d2b7
1321;0080;00;PETROPOLIS          ;PETROPOLIS                  ;RJ;3;7375ce14d694
13131;2836;00;JUARA               ;JUARA                       ;MT;5;737db40e7665
24862;4594;00;ASA SUL 516         ;BRASILIA                    ;DF;5;7403dd9b557a
3470;0374;00;ITAPIPOCA           ;ITAPIPOCA                   ;CE;5;745fe481cf64
13392;2885;00;IMPERADOR           ;PETROPOLIS                  ;RJ;5;750349182a25
3601;0395;00;SETE LAGOAS         ;SETE LAGOAS                 ;MG;3;75846f6e6aef
1399;0085;00;SOBRAL              ;SOBRAL                      ;CE;5;75bce77c235f
24248;4397;00;SUL DA ILHA         ;FLORIANOPOLIS               ;SC;6;765696d51693
12992;2802;00;CASA AMARELA        ;RECIFE                      ;PE;5;76c89961b3fa
378;0015;00;UBERABA             ;UBERABA                     ;MG;2;76d01a42c879
14608;3185;00;LAGOA DA CONCEICAO  ;FLORIANOPOLIS               ;SC;5;7826e97bf975
4070;0485;00;CASTRO              ;CASTRO                      ;PR;5;78a938407b52
5115;0697;00;SETE DE SETEMBRO    ;RECIFE                      ;PE;5;78db307c6e0e
9443;1649;00;BOITUVA             ;BOITUVA                     ;SP;5;78e8486908d2
12778;2748;00;UBATUBA             ;UBATUBA                     ;SP;5;78f50998c6ab
15896;3525;00;TIROL               ;NATAL                       ;RN;6;790326ce4f14
80442;6838;00;REP.DO LIBANO-OSASCO;OSASCO                      ;SP;5;79839d59e638
19162;8807;00;SUP CASCAVEL        ;CASCAVEL                    ;PR;5;79a670a8ccc4
13714;2949;00;AUTONOMISTAS        ;OSASCO                      ;SP;5;79b1cbff0378
5916;0873;00;SAO JOAQUIM DA BARRA;SAO JOAQUIM DA BARRA        ;SP;5;7a01845dbe5f
14209;3077;00;COQUEIROS           ;FLORIANOPOLIS               ;SC;5;7a828aba2ad6
15890;3522;00;MADUREIRA CENTRO    ;RIO DE JANEIRO              ;RJ;5;7a98ab427a92
4754;0632;00;IPORA               ;IPORA                       ;GO;5;7acc90cd838c
16477;3659;00;INDEPENDENCIA       ;GOIANIA                     ;GO;6;7b18bdcc5def
6234;0950;00;MONTE ALTO          ;MONTE ALTO                  ;SP;3;7b5dd30752a2
3883;0449;00;CRUZEIRO-SP         ;CRUZEIRO                    ;SP;5;7b772b63edbf
25807;4659;00;AVENIDA CILLO       ;AMERICANA                   ;SP;5;7b87a7f3d1b6
80228;6624;00;EMPRESA AMERICANA   ;AMERICANA                   ;SP;2;7b87a7f3d1b6
13367;2878;00;POTENGI             ;NATAL                       ;RN;3;7ba6cf83c208
5072;0687;00;FREGUESIA DO O      ;SAO PAULO                   ;SP;6;7bab1be8b429
12949;2795;00;RECREIO BANDEIRANTES;RIO DE JANEIRO              ;RJ;6;7be941c407e6
80262;6658;00;SALTO               ;SALTO                       ;SP;5;7c50949dc3d1
7992;1396;00;DOIS CORREGOS       ;DOIS CORREGOS               ;SP;5;7c933fe5bffc
13050;2812;00;MONTESE             ;FORTALEZA                   ;CE;3;7ced69f723e0
22743;4293;00;EMPRESA MONTESE     ;FORTALEZA                   ;CE;5;7ced69f723e0
7252;1224;00;EMPRESA ARACAJU     ;ARACAJU                     ;SE;2;7d9b3849cba9
14770;3231;00;NOVA PORTO VELHO    ;PORTO VELHO                 ;RO;5;7dc5802cb753
6990;1180;00;SINOP               ;SINOP                       ;MT;4;7e31068e0a66
5392;0750;00;BETIM               ;BETIM                       ;MG;3;7eca467bd0c2
2784;0276;00;RIO DO SUL          ;RIO DO SUL                  ;SC;3;7f1659d939ed
2984;0306;00;GUARATINGUETA       ;GUARATINGUETA               ;SP;88;804f13d4706b
10455;1890;00;CATEDRAL CAMPINAS-SP;CAMPINAS                    ;SP;1;805542676e28
13037;2811;00;CONSELHEIRO AGUIAR  ;RECIFE                      ;PE;5;8068e1f5f994
15047;3288;00;PRACA DAS MAES      ;GOIANIA                     ;GO;5;80e5433f754f
7023;1184;00;BAIRRO IPIRANGA     ;RIBEIRAO PRETO              ;SP;5;816f6383268f
14048;3036;00;CAMPO NOVO PARECIS  ;CAMPO NOVO DO PARECIS       ;MT;5;8195c680fb40
2566;0246;00;SERRA TALHADA       ;SERRA TALHADA               ;PE;6;81dd0a8fdd82
7648;1267;00;SAO MIGUEL PAULISTA ;SAO PAULO                   ;SP;4;81f6afe7e82f
2339;0204;00;ITUIUTABA           ;ITUIUTABA                   ;MG;5;8207a258ee6a
606;0025;00;CATAGUASES          ;CATAGUASES                  ;MG;4;825a0afdff3b
2817;0285;00;ITABERABA           ;ITABERABA                   ;BA;5;8293d3b70814
2616;0254;00;PICOS               ;PICOS                       ;PI;2;82dae4acae02
5268;0722;00;MOEMA               ;SAO PAULO                   ;SP;2;8343fd85d1d4
12670;2712;00;TAQUARITUBA         ;TAQUARITUBA                 ;SP;6;839495c97160
14469;3145;00;JOSE MENINO         ;SANTOS                      ;SP;88;83e1df1ef5a2
14631;3190;00;LARGO DA MATRIZ     ;SAO BERNARDO DO CAMPO       ;SP;6;8416fb456ce7
8114;1419;00;LAGO NORTE          ;BRASILIA                    ;DF;5;847b2c750a73
4281;0530;00;S.LUIS MONTES BELOS ;SAO LUIS DE MONTES BELOS    ;GO;5;84f294a4e3db
15210;3331;00;BORBOREMA           ;CAMPINA GRANDE              ;PB;4;850130a059cf
7815;1330;00;BURITIS             ;BURITIS                     ;MG;6;8523784ea5d0
13900;2997;00;LUIS E.MAGALHAES    ;LUIS EDUARDO MAGALHAES      ;BA;4;85be327cfdf6
13124;2833;00;ILHA SOLTEIRA       ;ILHA SOLTEIRA               ;SP;5;864de2d9c88e
10947;2112;00;IBIRACU             ;IBIRACU                     ;ES;88;86e27160c377
80169;6565;00;VALE DO PARAIBA     ;SAO JOSE DOS CAMPOS         ;SP;4;86e37eddb820
1588;0099;00;CAJAZEIRAS          ;CAJAZEIRAS                  ;PB;5;86e3a6da9efe
18805;8446;00;PSV SALVADOR        ;SALVADOR                    ;BA;5;8784abef405d
11792;2404;00;PARAOPEBA           ;PARAOPEBA                   ;MG;5;87c5bacb9ffd
14557;3174;00;EMPRESA FLORIPA     ;FLORIANOPOLIS               ;SC;5;882706c52382
442535;8245;00;ESCR.EXC.FLORIPA    ;FLORIANOPOLIS               ;SC;88;882706c52382
1787;0130;00;SANTAREM            ;SANTAREM                    ;PA;4;8884516868ad
2992;0307;00;LAGES               ;LAGES                       ;SC;5;88dba997d989
80331;6727;00;ESTACAO FRANCO ROCHA;FRANCO DA ROCHA             ;SP;5;89120ba403d5
8908;1598;00;CARIRI SHOPPING     ;JUAZEIRO DO NORTE           ;CE;6;8929503e3f7e
14563;3178;00;JOQUEI CLUBE        ;TERESINA                    ;PI;3;8965c10cb2af
450598;7713;00;ESCR.ESTILO TERESINA;TERESINA                    ;PI;88;8965c10cb2af
8108;1418;00;ALPINOPOLIS         ;ALPINOPOLIS                 ;MG;5;89862f5f9b06
5601;0794;00;GURUPI              ;GURUPI                      ;TO;3;8989aa6fb0f9
3659;0405;00;JARAGUA DO SUL      ;JARAGUA DO SUL              ;SC;2;89cff76a6357
2227;0188;00;VITORIA DA CONQUISTA;VITORIA DA CONQUISTA        ;BA;2;89d3edec478d
450446;9160;00;ESCR.EXC.LACADOR    ;PORTO ALEGRE                ;RS;88;89d5919245b3
9488;1667;00;BROTAS              ;BROTAS                      ;SP;5;8a7ae4873651
6579;1039;00;CASCAVEL            ;CASCAVEL                    ;CE;5;8ab7f324897a
2332;0203;00;AVARE               ;AVARE                       ;SP;3;8ae8262a7211
15760;3497;00;JULIO DE CASTILHOS  ;CAMPO GRANDE                ;MS;5;8b275f921209
3559;0390;00;GUAJARA-MIRIM       ;GUAJARA-MIRIM               ;RO;5;8b51aebf33f4
6957;1172;00;MOGI-GUACU          ;MOGI-GUACU                  ;SP;5;8bfc61862111
624;0028;00;RIBEIRAO PRETO      ;RIBEIRAO PRETO              ;SP;1;8c537cb1a093
2237;0189;00;PEDERNEIRAS         ;PEDERNEIRAS                 ;SP;5;8c677b7b17c8
80635;7031;00;PQ.SAO LUCAS-S.PAULO;SAO PAULO                   ;SP;5;8ce95ca7c87b
9705;1741;00;CARAGUATATUBA       ;CARAGUATATUBA               ;SP;5;8d5776570f22
3542;0387;00;SANTO AMARO PAULISTA;SAO PAULO                   ;SP;1;8d80d0918ee2
10325;1863;00;SERVIDOR CURITIBA   ;CURITIBA                    ;PR;5;8d83bc3ca18c
80314;6710;00;CIDADE DAS FLORES-SP;SUZANO                      ;SP;5;8da1ea4acc5a
8963;1601;00;PRACA CENTENARIO    ;MACEIO                      ;AL;6;8dc2482759da
3036;0313;00;JATAI               ;JATAI                       ;GO;3;8de4c046c2f2
3219;0339;00;SANTA ROSA          ;SANTA ROSA                  ;RS;4;8e159118891e
14642;3194;00;JARDIM CAMBURI      ;VITORIA                     ;ES;5;8e8044e4f741
6912;1157;00;TIANGUA             ;TIANGUA                     ;CE;5;8f16495ad292
22685;4263;00;ASA BRANCA          ;BOA VISTA                   ;RR;6;8f2b29c91ab0
4099;0492;00;REGISTRO            ;REGISTRO                    ;SP;5;8f5db13a6798
80267;6663;00;CIDADE DOS INDAIAS  ;INDAIATUBA                  ;SP;5;8f7ea37a7400
4192;0505;00;IBITINGA            ;IBITINGA                    ;SP;5;8fbfe0e26f67
7508;1245;00;BARAO DE SOUZA LEAO ;RECIFE                      ;PE;3;9020c0d9506f
14386;3127;00;EMPRESA CAMPOS      ;CAMPOS DOS GOYTACAZES       ;RJ;5;903357aab502
2184;0184;00;CACERES             ;CACERES                     ;MT;3;912ee42dd5a2
10178;1837;00;PRAZERES            ;JABOATAO DOS GUARARAPES     ;PE;5;916c25838126
15154;3315;00;RIO DAS OSTRAS      ;RIO DAS OSTRAS              ;RJ;5;9186c0731a51
86713;5123;00;ESTILO SUDOESTE     ;BRASILIA                    ;DF;88;91aa4853bf46
12724;2733;00;TRAMANDAI           ;TRAMANDAI                   ;RS;5;92e4535f47d0
7580;1252;00;AV.PRES.VARGAS      ;RIO DE JANEIRO              ;RJ;5;92fe141021f8
6919;1160;00;TRES MARIAS         ;TRES MARIAS                 ;MG;5;9344d2a4e52b
8500;1507;00;SIA TRECHO 2        ;BRASILIA                    ;DF;2;943e23a9a9e5
5702;0820;00;PARAGOMINAS         ;PARAGOMINAS                 ;PA;5;94a2b51404cc
20737;3853;00;CAMARA CASCUDO      ;NATAL                       ;RN;5;94b4f0d65de1
15316;3375;00;SERRANA             ;SERRANA                     ;SP;6;9515f2bd741b
5286;0726;00;MARAU               ;MARAU                       ;RS;5;9537dcc1b704
6083;0921;00;GASPAR              ;GASPAR                      ;SC;6;953dd320397b
1690;0112;00;COLATINA            ;COLATINA                    ;ES;5;9691eee1fe85
22585;4247;00;TAPAJOS             ;SANTAREM                    ;PA;5;9698e0de3242
15420;3412;00;CORP BANK S GAUCHA  ;CAXIAS DO SUL               ;RS;5;96bd072503ba
2282;0193;00;CRUZ ALTA           ;CRUZ ALTA                   ;RS;5;96c48a741358
1158;0066;00;SAO JOSE RIO PARDO  ;SAO JOSE DO RIO PARDO       ;SP;5;96cccc558339
917;0045;00;URUGUAIANA          ;URUGUAIANA                  ;RS;3;96d9de75e27e
10964;2118;00;ICARA               ;ICARA                       ;SC;6;96f897c69d12
6973;1178;00;ARIQUEMES           ;ARIQUEMES                   ;RO;4;98784303f1c9
86716;5197;00;ESTILO BACEN DF     ;BRASILIA                    ;DF;88;9889d9b1fa4b
22240;4211;00;EMPRESA CAMPO GRANDE;CAMPO GRANDE                ;MS;5;98b6ab101086
13871;2988;00;SHOPPING GUARARAPES ;JABOATAO DOS GUARARAPES     ;PE;4;996c83dcd017
12167;2555;00;ROSARIO             ;ROSARIO                     ;MA;5;99707913a376
6016;0904;00;MARIA FELIPA        ;SALVADOR                    ;BA;5;9983b1df0c7b
332;0012;00;TRES CORACOES       ;TRES CORACOES               ;MG;4;998c84a1fe93
2872;0294;00;MOGI DAS CRUZES     ;MOGI DAS CRUZES             ;SP;4;99a481f282e4
15588;3469;00;FRANCISCO SA        ;FORTALEZA                   ;CE;5;9a079e8e6081
5219;0716;00;ALECRIM             ;NATAL                       ;RN;3;9a18df9a5f02
511239;0392;15;TJ-RJ               ;RIO DE JANEIRO              ;RJ;4;9a4f65a5a1f5
7571;1250;00;VILA ISABEL         ;RIO DE JANEIRO              ;RJ;5;9a9940fae901
322935;8435;00;ESTILO TAG.SHOPPING ;BRASILIA                    ;DF;88;9aef1907356e
5648;0804;00;PARAISO DO TOCANTINS;PARAISO DO TOCANTINS        ;TO;3;9aff5fa18247
6468;1004;00;ASA SUL 507         ;BRASILIA                    ;DF;5;9b12410035a7
3342;0354;00;ITU                 ;ITU                         ;SP;4;9b68b36d9bc5
5721;0825;00;IBIUNA              ;IBIUNA                      ;SP;5;9b72a329ecde
4234;0515;00;PALMEIRAS DE GOIAS  ;PALMEIRAS DE GOIAS          ;GO;5;9b80ff69f449
8296;1467;00;ARAUCARIA           ;ARAUCARIA                   ;PR;5;9b840c8ffe31
2859;0292;00;PARA DE MINAS       ;PARA DE MINAS               ;MG;4;9c2d3aea5276
3308;0349;00;ROLANDIA            ;ROLANDIA                    ;PR;5;9c4d5907fddd
1809;0132;00;ERECHIM             ;ERECHIM                     ;RS;3;9c8fd7d54b7a
13490;2905;00;AV.DJALMA BATISTA   ;MANAUS                      ;AM;5;9e3bb9a0487a
6396;0987;00;SERTAOZINHO         ;SERTAOZINHO                 ;SP;4;9e510120c32e
4504;0573;00;LENCOIS PAULISTA    ;LENCOIS PAULISTA            ;SP;5;9f8d259b85fb
4702;0618;00;CIANORTE            ;CIANORTE                    ;PR;5;9faf23c4e63e
9346;1637;00;PICARRA             ;TERESINA                    ;PI;4;9fe11a6e5fb0
80572;6968;00;AVENIDA PORTUGAL    ;SANTO ANDRE                 ;SP;4;9fec833c2a21
14090;3049;00;CARAPINA            ;SERRA                       ;ES;5;a014998e8321
6199;0941;00;LUZIANIA            ;LUZIANIA                    ;GO;5;a05a12098dc8
11534;2328;00;MORRO AGUDO         ;MORRO AGUDO                 ;SP;5;a060a3f1330c
7780;1317;00;AGUA BOA            ;AGUA BOA                    ;MT;6;a08af2d2d4e8
4207;0509;00;NOVA ESPERANCA      ;NOVA ESPERANCA              ;PR;5;a0c937e1ba8f
3925;0456;00;AMPARO              ;AMPARO                      ;SP;5;a17e21dc5b9e
4475;0567;00;ALTAMIRA            ;ALTAMIRA                    ;PA;4;a1a98ba338d8
3720;0411;00;JALES               ;JALES                       ;SP;5;a21f679eed56
10429;1886;00;AVENIDA JK          ;PALMAS                      ;TO;5;a2223ebe21c7
10283;1855;00;PRES.ANTONIO CARLOS ;RIO DE JANEIRO              ;RJ;5;a254055a411a
7659;1269;00;MARISTA             ;GOIANIA                     ;GO;6;a31e6550f812
22925;4342;00;PETROBRAS-MACAE     ;MACAE                       ;RJ;5;a3410b082426
7030;1187;00;EMPRESA MARINGA     ;MARINGA                     ;PR;5;a396cd353635
3174;0331;00;SANTANA DO IPANEMA  ;SANTANA DO IPANEMA          ;AL;6;a3b775d6bdbb
452565;9184;00;ESCR.EXC.OSASCO     ;OSASCO                      ;SP;88;a3c426d94b56
3763;0422;00;FRUTAL              ;FRUTAL                      ;MG;5;a3f1629af80a
1948;0153;00;SAO GABRIEL         ;SAO GABRIEL                 ;RS;6;a44a47638bc4
101;0004;00;SANTOS              ;SANTOS                      ;SP;1;a46833c7128f
5484;0765;00;CANUDOS-PA          ;BELEM                       ;PA;5;a4976ccb1f8b
13768;2960;00;BAIRRO DO CPA       ;CUIABA                      ;MT;5;a4e34308246e
4185;0504;00;CONSELHEIRO LAFAIETE;CONSELHEIRO LAFAIETE        ;MG;5;a506a9edfe07
3988;0469;00;BARRA MANSA         ;BARRA MANSA                 ;RJ;5;a64f1d604408
2125;0180;00;SANTA CRUZ DO SUL   ;SANTA CRUZ DO SUL           ;RS;2;a650e0bbe321
3783;0426;00;STO.ANTONIO PLATINA ;SANTO ANTONIO DA PLATINA    ;PR;5;a6e8a10e952e
75767;5362;00;PALHOCA CENTRO      ;PALHOCA                     ;SC;6;a6f48f9bfed4
10051;1815;00;SANTA CRUZ          ;SAO PAULO                   ;SP;6;a742740e77ce
80534;6930;00;RUA AMAZONAS GUARUJA;GUARUJA                     ;SP;5;a762fecbec4a
2297;0195;00;DOM PEDRITO         ;DOM PEDRITO                 ;RS;5;a79b27df70e9
5367;0743;00;AMAMBAI             ;AMAMBAI                     ;MS;5;a7a9cf1776c6
882;0044;00;TERESINA            ;TERESINA                    ;PI;1;a862775fa943
17266;4148;00;EMPRESA BUENO       ;GOIANIA                     ;GO;88;a8893911370e
3474;0375;00;CACADOR             ;CACADOR                     ;SC;5;a951bdcc3c1f
80175;6571;00;NOVA BEBEDOURO      ;BEBEDOURO                   ;SP;88;a96b1b686cc3
86667;5081;00;ESTILO VILA VELHA   ;VILA VELHA                  ;ES;5;a974575a70a7
17409;4902;00;GECOR VAR SALVADOR  ;SALVADOR                    ;BA;88;a9c76f95b641
5989;0895;00;BALSAS              ;BALSAS                      ;MA;3;a9d3ea72f305
459;0019;00;ILHEUS              ;ILHEUS                      ;BA;3;aa003a52bea6
1940;0151;00;PATOS               ;PATOS                       ;PB;2;aa0b91c58b11
8992;1605;00;PRACA DO CARMO      ;FORTALEZA                   ;CE;1;aa3cb56d78cf
19835;9405;00;PSV FORTALEZA       ;FORTALEZA                   ;CE;5;aa3cb56d78cf
22835;4322;00;NOVA IMPERATRIZ     ;IMPERATRIZ                  ;MA;5;aac32d11eb93
15167;3320;00;CORP BANK AGUA BCA  ;SAO PAULO                   ;SP;5;aac3f368258b
11823;2417;00;PAULINIA            ;PAULINIA                    ;SP;5;aac91a7cb726
7219;1220;00;TUCURUVI            ;SAO PAULO                   ;SP;5;abb8bbeb825b
4022;0478;00;LINHARES            ;LINHARES                    ;ES;3;ac4f8a30f1bf
6446;1001;00;BAIRRO MARTINS      ;UBERLANDIA                  ;MG;5;ac7392f16085
3630;0401;00;BRUSQUE             ;BRUSQUE                     ;SC;3;ad54da33c500
1626;0103;00;CURVELO             ;CURVELO                     ;MG;5;ad72fcdadf74
4064;0484;00;PARANAIBA           ;PARANAIBA                   ;MS;5;ad9c5c8df96f
6780;1109;00;PAU DOS FERROS      ;PAU DOS FERROS              ;RN;5;adc1a2a2159e
4767;0635;00;CAMBUCI             ;SAO PAULO                   ;SP;4;ade08427b7a1
3091;0320;00;PRESIDENTE VENCESLAU;PRESIDENTE VENCESLAU        ;SP;5;af6888b93b19
2535;0237;00;CRATEUS             ;CRATEUS                     ;CE;5;afb499088570
10213;1845;00;PONTA NEGRA         ;NATAL                       ;RN;3;b1ea9b5a4d55
5876;0863;00;MORADA NOVA         ;MORADA NOVA                 ;CE;6;b21ec99819a1
6150;0929;00;INDAIATUBA          ;INDAIATUBA                  ;SP;4;b265850dd007
844;0041;00;FEIRA DE SANTANA    ;FEIRA DE SANTANA            ;BA;4;b2a563ae9089
9271;1626;00;FLORESTA-MG         ;BELO HORIZONTE              ;MG;2;b3d2e80278b2
4524;0575;00;GRAMADO             ;GRAMADO                     ;RS;5;b41ab8d80d31
16220;3603;00;UNIV.DE BRASILIA    ;BRASILIA                    ;DF;5;b56c960322e3
8069;1408;00;IMBITUBA            ;IMBITUBA                    ;SC;5;b58d491a0976
3497;0380;00;PARACATU            ;PARACATU                    ;MG;5;b5aa6675d284
6435;0996;00;XAXIM-SC            ;XAXIM                       ;SC;6;b5ed57cfdeb7
4215;0511;00;TATUI               ;TATUI                       ;SP;4;b6006e6aa84a
6999;1181;00;PIMENTA BUENO       ;PIMENTA BUENO               ;RO;5;b61f46841f55
80480;6876;00;CESARIO LANGE       ;CESARIO LANGE               ;SP;88;b61ff3d30fb7
7456;1240;00;VILA VELHA          ;VILA VELHA                  ;ES;4;b625aff842c3
3191;0335;00;NOVA FRIBURGO       ;NOVA FRIBURGO               ;RJ;2;b7132bbf2381
12977;2799;00;EMPRESA B.AVENIDA   ;SALVADOR                    ;BA;5;b7ffdfa802ba
5091;0692;00;PORTEIRINHA         ;PORTEIRINHA                 ;MG;6;b8052fbdd41a
2196;0185;00;SAO LEOPOLDO        ;SAO LEOPOLDO                ;RS;3;b826de912f85
4648;0602;00;IBAITI              ;IBAITI                      ;PR;6;b845d9099793
5806;0847;00;GOIOERE             ;GOIOERE                     ;PR;5;b8f7a67cda5a
6771;1106;00;PARELHAS            ;PARELHAS                    ;RN;5;b904aaebcc1d
15321;3378;00;PARQUE 10           ;MANAUS                      ;AM;6;b94de0d0ddc4
8564;1517;00;QUITANDA            ;RIO DE JANEIRO              ;RJ;88;ba285d9a9068
6382;0983;00;SAO LOURENCO        ;SAO LOURENCO                ;MG;5;ba5332bca57e
5250;0718;00;SUZANO              ;SUZANO                      ;SP;5;ba93b575ff64
13935;3010;00;EMPRESA TIJUCA      ;RIO DE JANEIRO              ;RJ;4;bb552f4f14e5
8979;1603;00;JARDINS-SE          ;ARACAJU                     ;SE;5;bb8c506f9311
16047;3570;00;PARQUE DA UVA       ;JUNDIAI                     ;SP;5;bc2725cb689d
1305;0078;00;PONTA PORA          ;PONTA PORA                  ;MS;4;bc45dc8d60d5
452066;9153;00;ESCR.EXC.RIBEIRA    ;NATAL                       ;RN;88;bcb548d9a632
13470;2901;00;NUCLEO BANDEIRANTE  ;BRASILIA                    ;DF;4;bd8b5efcf974
8250;1453;00;TRINDADE            ;FLORIANOPOLIS               ;SC;5;bd994142ce49
6787;1112;00;PETROLANDIA         ;PETROLANDIA                 ;PE;5;bdcf46caf346
2452;0223;00;ASSIS               ;ASSIS                       ;SP;4;bdd5a5966e30
3094;0321;00;CHAPECO             ;CHAPECO                     ;SC;1;be0b8846e9e8
451764;9165;00;ESCR.EXC.CHAPECO    ;CHAPECO                     ;SC;88;be0b8846e9e8
1864;0140;00;FOZ DO IGUACU       ;FOZ DO IGUACU               ;PR;4;bec6b1918c66
5358;0741;00;TERESOPOLIS         ;TERESOPOLIS                 ;RJ;5;bec72b85e01d
9357;1639;00;SAO FRANCISCO       ;SAO LUIS                    ;MA;5;beca0376bb24
20790;3866;00;IGARA               ;CANOAS                      ;RS;5;bed38ca25740
9616;1707;00;CAMBORIU            ;CAMBORIU                    ;SC;6;bee34acb74cf
29049;1881;00;AGRO CAMPO GRANDE   ;CAMPO GRANDE                ;MS;5;beef6533a493
11983;2480;00;PONTES E LACERDA    ;PONTES E LACERDA            ;MT;6;bf0a178fa723
3798;0428;00;VICOSA              ;VICOSA                      ;MG;4;bf27ac830bf0
80565;6961;00;AV.BRASIL-P.GRANDE  ;PRAIA GRANDE                ;SP;5;bf6f88813715
3678;0407;00;CRICIUMA            ;CRICIUMA                    ;SC;1;bfd91922ee04
75625;5215;00;CALCADAO LAGES      ;LAGES                       ;SC;5;c052084d3bbf
16307;3613;00;CID.UNIVERSITARIA-PE;RECIFE                      ;PE;5;c063756a1d61
1104;0060;00;JEQUIE              ;JEQUIE                      ;BA;3;c0fff29dcaf0
3319;0352;00;MARINGA             ;MARINGA                     ;PR;1;c10403608c98
14361;3121;00;VILA XAVIER         ;ARARAQUARA                  ;SP;6;c232a3dfa542
1525;0094;00;CRATO               ;CRATO                       ;CE;5;c2357755355a
12704;2726;00;TIMON               ;TIMON                       ;MA;5;c275d941fa6c
6183;0935;00;JANAUBA             ;JANAUBA                     ;MG;5;c284f5666b05
452960;9189;00;ESCR.EXC.S.B.CAMPO  ;SAO BERNARDO DO CAMPO       ;SP;88;c28996c81fba
452958;9190;00;ESCR.EXC.RUDGE RAMOS;SAO BERNARDO DO CAMPO       ;SP;88;c28996c81fba
7177;1216;00;COXIPO              ;CUIABA                      ;MT;2;c2f8a48a87bf
365;0014;00;CORUMBA             ;CORUMBA                     ;MS;5;c34ff1f3c31c
15826;3506;00;PRACA DO MARQUES    ;TERESINA                    ;PI;5;c3b800c2ffee
14761;3228;00;NOVA MUTUM          ;NOVA MUTUM                  ;MT;5;c46862d171a3
16796;3788;00;MOREIRA CESAR       ;NITEROI                     ;RJ;5;c4ca146e9bde
13711;2948;00;ARARIBOIA           ;NITEROI                     ;RJ;5;c506c0157060
4815;0638;00;ARAGUAINA           ;ARAGUAINA                   ;TO;3;c55a98ecb846
15516;3449;00;VASCO DA GAMA       ;SALVADOR                    ;BA;6;c61c9b4d2856
26097;4726;00;ESTILO VITORIA      ;VITORIA                     ;ES;88;c658b42d1763
4619;0597;00;ZONA SUL-RJ         ;RIO DE JANEIRO              ;RJ;3;c6704b65ffb4
6278;0961;00;PEDRO LEOPOLDO      ;PEDRO LEOPOLDO              ;MG;5;c6b21f4d08f3
5964;0885;00;SAO MARCOS          ;SAO MARCOS                  ;RS;6;c6c58866c9fe
15793;3501;00;MANGABEIRA          ;JOAO PESSOA                 ;PB;5;c6e38bb0797c
3120;0324;00;ANAPOLIS            ;ANAPOLIS                    ;GO;2;c72db9d29042
80750;5886;00;EMPRESA ANAPOLIS    ;ANAPOLIS                    ;GO;88;c72db9d29042
15832;3507;00;ESPERANCA GARCIA    ;TERESINA                    ;PI;5;c75626b0fc28
15796;3502;00;TORRE               ;JOAO PESSOA                 ;PB;4;c75f96cc1a68
25160;4519;00;FEIJO               ;FEIJO                       ;AC;4;c7b3ea849160
1607;0102;00;PORTO VELHO         ;PORTO VELHO                 ;RO;5;c852cbe7e4cf
6207;0942;00;MAGE                ;MAGE                        ;RJ;5;c91e25842441
10073;1821;00;ALPHAVILLE          ;BARUERI                     ;SP;2;c99d33e2e4e4
452957;9185;00;ESCR.EXC.BARUERI    ;BARUERI                     ;SP;88;c99d33e2e4e4
3620;0397;00;GUANHAES            ;GUANHAES                    ;MG;5;ca9ff8504ea6
3163;0329;00;DUQUE DE CAXIAS     ;DUQUE DE CAXIAS             ;RJ;2;caa1d089a4ef
4389;0549;00;ILHA DO GOVERNADOR  ;RIO DE JANEIRO              ;RJ;2;cac212545b5b
11122;2176;00;ITAPORANGA          ;ITAPORANGA                  ;PB;5;cba6049a8106
6336;0971;00;PRESIDENTE EPITACIO ;PRESIDENTE EPITACIO         ;SP;88;cbc02aa759ed
5190;0713;00;TIETE               ;TIETE                       ;SP;5;cc3cb974c08c
6271;0959;00;PALOTINA            ;PALOTINA                    ;PR;5;ccb46fb16736
3947;0460;00;ANGRA DOS REIS      ;ANGRA DOS REIS              ;RJ;3;cd056b18598d
3081;0319;00;AMERICANA           ;AMERICANA                   ;SP;3;cd31224762f4
451847;9170;00;ESCR.EXC.AMERICANA  ;AMERICANA                   ;SP;88;cd31224762f4
7068;1195;00;EMPRESA BOM RETIRO  ;SAO PAULO                   ;SP;2;cd4205f95708
11872;2436;00;PERUIBE             ;PERUIBE                     ;SP;5;cd561fc036d8
5593;0792;00;EUNAPOLIS           ;EUNAPOLIS                   ;BA;4;cdb30fac597a
15837;3508;00;MIGRANTE            ;CASCAVEL                    ;PR;5;cdbffa73d9a8
79862;5749;00;RIO SAO FRANCISCO   ;JUAZEIRO                    ;BA;4;cdf7cc08ac83
2636;0259;00;PARANAGUA           ;PARANAGUA                   ;PR;4;cdf80a423c13
1330;0081;00;NOVA IGUACU         ;NOVA IGUACU                 ;RJ;3;ce3c90432412
1734;0124;00;CAXIAS              ;CAXIAS                      ;MA;4;cf22f7313f2a
450103;9126;00;ESCR.EXC.M.CLAROS   ;MONTES CLAROS               ;MG;88;cf96fe268424
3351;0355;00;APUCARANA           ;APUCARANA                   ;PR;2;cf9a1aafccad
8021;1402;00;GENERAL VALADAO     ;ARACAJU                     ;SE;1;cfd366e0d4b6
7641;1266;00;CAPELA DO SOCORRO   ;SAO PAULO                   ;SP;5;cfde190e43e5
2848;0289;00;COPACABANA          ;RIO DE JANEIRO              ;RJ;4;d0472f6c6182
10209;1844;00;AMOREIRAS           ;CAMPINAS                    ;SP;5;d09c7591435e
5139;0702;00;NOVA VENECIA        ;NOVA VENECIA                ;ES;6;d114c6a7afac
5040;0681;00;MAUA                ;MAUA                        ;SP;5;d134b50c5c99
11611;2358;00;AQUIRY              ;RIO BRANCO                  ;AC;6;d1713902d90b
8856;1588;00;CTO.ADM.NATAL       ;NATAL                       ;RN;5;d1f8f612b090
4060;0483;00;SAO GOTARDO         ;SAO GOTARDO                 ;MG;5;d261c553a911
1149;0065;00;SAO JOAO BOA VISTA  ;SAO JOAO DA BOA VISTA       ;SP;2;d2803aa590dd
3995;0470;00;ADAMANTINA          ;ADAMANTINA                  ;SP;5;d28f3a1f9292
16013;3561;00;INTERLAGOS          ;SAO PAULO                   ;SP;5;d2b1eaf30b46
11240;2220;00;JOAO MONLEVADE      ;JOAO MONLEVADE              ;MG;5;d3bcc15c5c1d
24906;4450;00;PRACA SAO FRANCISCO ;MARABA                      ;PA;5;d4589ee72654
1916;0149;00;ESTANCIA            ;ESTANCIA                    ;SE;88;d45d88b8c6c4
4695;0616;00;FRANCISCO BELTRAO   ;FRANCISCO BELTRAO           ;PR;4;d49d21c280f3
451792;9181;00;ESCR.EXC.LIMEIRA    ;LIMEIRA                     ;SP;88;d4e52e17a120
772;0036;00;MOSSORO             ;MOSSORO                     ;RN;2;d59f9dfca062
452556;9152;00;ESCR.EXC.MOSSORO    ;MOSSORO                     ;RN;88;d59f9dfca062
15851;3512;00;CIDADE VERDE-PR     ;MARINGA                     ;PR;5;d5a126e0e873
5658;0806;00;SAO GABRIEL DA PALHA;SAO GABRIEL DA PALHA        ;ES;5;d5e8539a6949
14932;3264;00;MARIA DO BARRO      ;BRASILIA                    ;DF;5;d5f5afdebb08
15552;3459;00;GRACA               ;SALVADOR                    ;BA;6;d5feb68a53d7
1303;0077;00;PIRAJU              ;PIRAJU                      ;SP;5;d6b030733261
13261;2864;00;ACESITA             ;TIMOTEO                     ;MG;6;d6b2cea6abc9
10311;1862;00;RIO NEGRO           ;MANAUS                      ;AM;5;d6b49152b42f
6800;1117;00;PORTO NACIONAL      ;PORTO NACIONAL              ;TO;5;d6d020bcd0c2
15904;3526;00;ALBERTO MARANHAO    ;MOSSORO                     ;RN;5;d707039b71f7
4418;0554;00;EMPRESA IMPERATRIZ  ;IMPERATRIZ                  ;MA;2;d79141fcb50e
80535;6931;00;VOTORANTINENSE      ;VOTORANTIM                  ;SP;88;d7b0c6643b55
5464;0759;00;SOUSA               ;SOUSA                       ;PB;5;d83cfc7cf0e7
2839;0288;00;TIJUCA              ;RIO DE JANEIRO              ;RJ;2;d8f4112b7fc5
3725;0413;00;MOCOCA              ;MOCOCA                      ;SP;3;d907212cce92
80017;5798;00;EMPRESA NOVA IGUACU ;NOVA IGUACU                 ;RJ;4;d93593d5a522
11327;2253;00;LIMOEIRO DO NORTE   ;LIMOEIRO DO NORTE           ;CE;6;d93a2f0cb453
3494;0379;00;OURINHOS            ;OURINHOS                    ;SP;4;da3669883464
1914;0148;00;PROMISSAO           ;PROMISSAO                   ;SP;5;da62c4fac903
4028;0479;00;CANOAS              ;CANOAS                      ;RS;5;da88eb4d5651
15271;3351;00;SAO BENEDITO        ;UBERABA                     ;MG;88;dae2b6864f4c
2664;0261;00;MACAPA              ;MACAPA                      ;AP;2;db06a06159b4
8057;1406;00;ROLIM DE MOURA      ;ROLIM DE MOURA              ;RO;5;dc12ae0f65fc
1282;0074;00;ITAPERUNA           ;ITAPERUNA                   ;RJ;5;dc21ae95ef5d
450198;7703;00;ESCR.EST.IRACEMA    ;FORTALEZA                   ;CE;88;dc8d2b6d2a82
452057;9171;00;ESCR.EXC.ARACATUBA  ;ARACATUBA                   ;SP;88;dcd09c1b6b8a
14740;3219;00;EMPRESA PIAUI       ;TERESINA                    ;PI;4;dce5f4c26935
1840;0137;00;JOACABA             ;JOACABA                     ;SC;3;dce7cd24e468
4987;0672;00;VENANCIO AIRES      ;VENANCIO AIRES              ;RS;5;dd4aaf6ddec5
5156;0708;00;CASTANHAL           ;CASTANHAL                   ;PA;4;dd552d204cc2
4378;0548;00;IRECE               ;IRECE                       ;BA;4;dd59b182f688
1846;0138;00;SANTO ANGELO        ;SANTO ANGELO                ;RS;3;ddab88a3dd2d
12909;2793;00;ALDEOTA             ;FORTALEZA                   ;CE;4;dddc3632d49b
6091;0923;00;GUANAMBI            ;GUANAMBI                    ;BA;4;de5dc1a34d44
4096;0491;00;GOIATUBA            ;GOIATUBA                    ;GO;5;dee59d8dca0c
450063;9111;00;ESCR.EXC.DRAGAO MAR ;FORTALEZA                   ;CE;88;deec3f441189
8043;1403;00;HIGH EST ESPLANADA  ;BRASILIA                    ;DF;88;df0003fef6e7
13327;2874;00;POTIGUAR            ;NATAL                       ;RN;1;df32e60173a4
6430;0995;00;VOTORANTIM          ;VOTORANTIM                  ;SP;5;df4ba7bb0716
3208;0336;00;LAGARTO             ;LAGARTO                     ;SE;5;df4ee464fac7
9306;1631;00;ALIPIO DE MELO      ;BELO HORIZONTE              ;MG;5;df68f95217ae
1762;0127;00;CAMPO GRANDE-RJ     ;RIO DE JANEIRO              ;RJ;3;df712eca06f2
14219;3082;00;EMPRESA ZONA OESTE  ;RIO DE JANEIRO              ;RJ;5;df712eca06f2
12595;2694;00;RIO GRANDE          ;RIO GRANDE                  ;RS;3;dfa34ac9c4ca
15200;3327;00;JUVENTUS            ;SAO PAULO                   ;SP;88;dfd3ef3296c2
7373;1235;00;EMPRESA TAGUATINGA  ;BRASILIA                    ;DF;88;dfff231a47b8
327220;8611;00;ESTILO TR.SUPERIORES;BRASILIA                    ;DF;88;e093061605d9
16074;3584;00;VILA ARENS          ;JUNDIAI                     ;SP;5;e13c14a33efa
452067;9193;00;ESCR.EXC.SAO CARLOS ;SAO CARLOS                  ;SP;88;e24436a35509
3026;0311;00;CATALAO             ;CATALAO                     ;GO;3;e249890af1fe
2940;0300;00;EMPRESA PCA ARVORE  ;SAO PAULO                   ;SP;1;e25cd279e163
13805;2972;00;PALACIO DOS LEOES   ;SAO LUIS                    ;MA;3;e2814769870d
15364;3390;00;SANTA FELICIDADE    ;CURITIBA                    ;PR;5;e2a0a36cf7d3
8128;1423;00;PARANOA             ;BRASILIA                    ;DF;5;e2bbceba2c31
80245;6641;00;SALTO GRANDE        ;SALTO GRANDE                ;SP;88;e37b71adc188
80179;6575;00;CATEDRAL-S.J.R.PRETO;SAO JOSE DO RIO PRETO       ;SP;1;e3ae8aeee78e
286467;8387;00;PSO S.J.RIO PRETO   ;SAO JOSE DO RIO PRETO       ;SP;3;e3ae8aeee78e
3643;0403;00;VIDEIRA             ;VIDEIRA                     ;SC;3;e43c0d93ba49
8306;1470;00;ARINOS              ;ARINOS                      ;MG;5;e4dafa007f22
2001;0163;00;PIRASSUNUNGA        ;PIRASSUNUNGA                ;SP;5;e53535bd7a45
13512;2909;00;BARRASHOPPING       ;RIO DE JANEIRO              ;RJ;3;e5bf255eec1e
80155;6551;00;PIRACEMA            ;PIRASSUNUNGA                ;SP;6;e632c3718d8d
4940;0661;00;PASSO DA AREIA      ;PORTO ALEGRE                ;RS;5;e65476a23fa9
3380;0359;00;ARAPONGAS           ;ARAPONGAS                   ;PR;5;e6683ffb227f
452059;9174;00;ESCR.EXC.BAURU      ;BAURU                       ;SP;88;e6c82ad6f8d8
9692;1735;00;CAPANEMA-PA         ;CAPANEMA                    ;PA;5;e6d8ec2d1f9a
12253;2581;00;SANTA LUZIA-MA      ;SANTA LUZIA                 ;MA;5;e89a9fa4eee1
4482;0569;00;SANTA MARIA VITORIA ;SANTA MARIA DA VITORIA      ;BA;5;e8b2654ffeb3
7283;1228;00;CARLOS PRATES       ;BELO HORIZONTE              ;MG;88;e8ddabecd535
80563;6959;00;R.FCO.AFONSO-MOGI   ;MOGI DAS CRUZES             ;SP;6;e8e0810943e2
4266;0525;00;IPANEMA             ;RIO DE JANEIRO              ;RJ;4;e8ebfa81dcca
2095;0176;00;CAMPO BELO-MG       ;CAMPO BELO                  ;MG;5;e8f3407ebafd
4077;0486;00;FARROUPILHA         ;FARROUPILHA                 ;RS;4;e933906dd871
14965;3272;00;PORTO BELO          ;PORTO BELO                  ;SC;5;e9408afb0165
80704;5870;00;RUA MARIZ E BARROS  ;RIO DE JANEIRO              ;RJ;88;e951fd70a4fd
9319;1633;00;ARTUROS             ;CONTAGEM                    ;MG;4;e95467b85cb1
1736;0125;00;PIRAPORA            ;PIRAPORA                    ;MG;6;e9c83208d156
4103;0493;00;JACAREPAGUA         ;RIO DE JANEIRO              ;RJ;88;e9ea2010ae7a
5821;0850;00;ITABORAI            ;ITABORAI                    ;RJ;5;ea9147916706
7416;1238;00;CAMACARI            ;CAMACARI                    ;BA;5;eaf35d665e1b
5936;0880;00;URUSSANGA           ;URUSSANGA                   ;SC;6;eb5c7f8384dc
8854;1587;00;CANAA               ;IPATINGA                    ;MG;5;eba58cee1878
3713;0410;00;CONCORDIA           ;CONCORDIA                   ;SC;3;ec4e36eb6158
23655;4386;00;CAMPO LIMPO PAULISTA;CAMPO LIMPO PAULISTA        ;SP;5;ec85cd74133b
4721;0622;00;TANABI              ;TANABI                      ;SP;5;eccddf927c5f
80153;6549;00;ESCR.EXC.STO.ANDRE  ;SANTO ANDRE                 ;SP;88;ed172c1bd682
1279;0073;00;BARRA DO PIRAI      ;BARRA DO PIRAI              ;RJ;5;ed44df5ee019
6374;0982;00;SAO JOSE DOS PINHAIS;SAO JOSE DOS PINHAIS        ;PR;4;ed664a5d84ad
80193;6589;00;ALTO DA BOA VISTA-SP;SAO PAULO                   ;SP;4;edb19baba017
24990;4477;00;JARDIM OCEANICO     ;RIO DE JANEIRO              ;RJ;4;edcb62cae67d
14529;3166;00;ITUPEVA             ;ITUPEVA                     ;SP;5;eeedddba7800
75107;4883;00;ESTILO P.REPUBLICA  ;BRASILIA                    ;DF;88;ef70cebd7e35
615;0027;00;JAU                 ;JAU                         ;SP;3;efe0dca6d190
14193;3074;00;BATISTA CAMPOS      ;BELEM                       ;PA;5;f003170f5d52
14676;3204;00;EMPRESA MANAIRA     ;JOAO PESSOA                 ;PB;5;f018bd8ef60f
2167;0182;00;IRATI               ;IRATI                       ;PR;5;f04efaa07050
17166;4060;00;BERILO              ;BERILO                      ;MG;6;f0643c807889
6624;1052;00;CUPIRA              ;CUPIRA                      ;PE;5;f07119ad9df1
14713;3211;00;SANTA HELENA        ;SETE LAGOAS                 ;MG;5;f118ff361054
450054;9106;00;ESCR.EXC.F.SANTANA  ;FEIRA DE SANTANA            ;BA;88;f11a735e3e95
80123;6519;00;BARAO DE JUNDIAI    ;JUNDIAI                     ;SP;3;f16c63983963
80256;6652;00;RUA QUINZE-MOGI     ;MOGI-GUACU                  ;SP;5;f17ac39c0654
10899;2094;00;GUARAI              ;GUARAI                      ;TO;5;f1b5be64a8c2
5895;0869;00;RIBEIRAO PIRES      ;RIBEIRAO PIRES              ;SP;5;f1dedf999836
2812;0283;00;JANUARIA            ;JANUARIA                    ;MG;5;f22cf8a2b915
3481;0376;00;ITUMBIARA           ;ITUMBIARA                   ;GO;3;f2b05f5c69cb
5175;0711;00;STA.CRUZ CAPIBARIBE ;SANTA CRUZ DO CAPIBARIBE    ;PE;5;f2e3b5d6754e
15283;3361;00;SAO JOSE            ;ARACAJU                     ;SE;5;f35ca5694813
4367;0545;00;VALENCA             ;VALENCA                     ;BA;5;f3f26a95fd73
11965;2474;00;POMERODE            ;POMERODE                    ;SC;6;f3fd924fb18e
5204;0715;00;SAO SEBASTIAO-SP    ;SAO SEBASTIAO               ;SP;5;f418b8960e1d
13278;2866;00;LITORAL NORTE-BA    ;LAURO DE FREITAS            ;BA;3;f453aa22d8e4
1313;0079;00;BOTUCATU            ;BOTUCATU                    ;SP;3;f50d88db5db2
13557;2913;00;EMPRESA TAQUARAL    ;CAMPINAS                    ;SP;4;f528dc577d6c
14650;3196;00;LUCAS DO RIO VERDE  ;LUCAS DO RIO VERDE          ;MT;5;f5a56a598d00
12018;2490;00;PORTO UNIAO         ;PORTO UNIAO                 ;SC;5;f6223fb98088
21954;4075;00;BAIRRO SAO CRISTOVAO;CABO FRIO                   ;RJ;3;f642e747ae02
4001;0472;00;EMPRESA ABOLICAO    ;RIO DE JANEIRO              ;RJ;5;f656ce31bd5b
12872;2776;00;AFUBRA              ;SANTA CRUZ DO SUL           ;RS;5;f658fe454ec7
1776;0128;00;CAICO               ;CAICO                       ;RN;4;f6b7f6c44ff2
5909;0872;00;STA.RITA DO SAPUCAI ;SANTA RITA DO SAPUCAI       ;MG;5;f6c938e5c775
14499;3158;00;SHOPPING ITAIGARA   ;SALVADOR                    ;BA;5;f6d0ca392ff2
4546;0578;00;MOGI-MIRIM          ;MOGI-MIRIM                  ;SP;5;f6eb7853d8da
5841;0857;00;LORENA              ;LORENA                      ;SP;5;f7056349c982
7484;1242;00;EMPRESA GOYAZES     ;GOIANIA                     ;GO;88;f7078f0461d3
9113;1610;00;AVENIDA GOIAS       ;GOIANIA                     ;GO;5;f7078f0461d3
1547;0096;00;FLORIANO            ;FLORIANO                    ;PI;4;f7262a0d75ab
19837;9407;00;PSV MACEIO          ;MACEIO                      ;AL;3;f75f4d8f173c
15350;3385;00;SHOPPING BARRA      ;SALVADOR                    ;BA;5;f77bb5e46f2e
13445;2896;00;GONZAGA             ;SANTOS                      ;SP;5;f7be9d442552
452950;9151;00;ESCR.EXC.V.REDONDA  ;VOLTA REDONDA               ;RJ;88;f80fd8950128
13060;2814;00;PARTENON            ;PORTO ALEGRE                ;RS;6;f8100266bc0a
8637;1530;00;ITAQUERA            ;SAO PAULO                   ;SP;4;f81afc9f2f7b
1964;0158;00;ALAGOINHAS          ;ALAGOINHAS                  ;BA;5;f85ebd4970ea
15960;3546;00;FRANCISCO PORTO     ;ARACAJU                     ;SE;5;f8ebcd4f0c0e
10278;1852;00;PARQUE DAS NACOES   ;SANTO ANDRE                 ;SP;5;f9485dd3939a
9426;1644;00;BIGUACU             ;BIGUACU                     ;SC;5;f9b5ab16f098
13106;2825;00;AV.CORIOLANO JUCA   ;MACAPA                      ;AP;5;f9f834001939
8918;1600;00;RUA DO LIVRAMENTO   ;MACEIO                      ;AL;2;fa1d9626dc68
1360;0083;00;CACHOEIRO ITAPEMIRIM;CACHOEIRO DE ITAPEMIRIM     ;ES;2;fa32317bce0d
1055;0056;00;PIRACICABA          ;PIRACICABA                  ;SP;2;fae5895bdc6b
4473;0566;00;PINHEIRO            ;PINHEIRO                    ;MA;5;faf63361178c
15248;3338;00;SANDRA REGINA       ;BARREIRAS                   ;BA;3;fb34490c6a3d
85626;5977;00;ESTILO SEN.FEDERAL  ;BRASILIA                    ;DF;88;fbb7145d5f79
7500;1244;00;VISCONDE            ;CURITIBA                    ;PR;3;fbba9b0239e1
9220;1619;00;CID.UNIVERSITARIA-PB;JOAO PESSOA                 ;PB;4;fc47b67820c7
1593;0101;00;MEIER               ;RIO DE JANEIRO              ;RJ;3;fc4f7f8bde15
14560;3175;00;EMPRESA ITABUNA BA  ;ITABUNA                     ;BA;2;fc60afb3dce2
7172;1213;00;JARDIM SATELITE     ;SAO JOSE DOS CAMPOS         ;SP;5;fcdc50a0adcd
2219;0187;00;SAO BORJA           ;SAO BORJA                   ;RS;5;fcdf1122d80e
16526;3674;00;GAROPABA            ;GAROPABA                    ;SC;5;fda5b3784343
3504;0381;00;PARANAVAI           ;PARANAVAI                   ;PR;4;fdc52f6532d0
6407;0990;00;SUMARE              ;SUMARE                      ;SP;3;fe3cee554b18
7607;1257;00;SANTA CRUZ          ;RIO DE JANEIRO              ;RJ;4;fe48d5451a33
7071;1196;00;LIBERDADE           ;SAO PAULO                   ;SP;3;fea8c0a21bcd
8691;1541;00;JARDIM TREMEMBE     ;SAO PAULO                   ;SP;6;febd571687ae
16447;3653;00;BENFICA-CE          ;FORTALEZA                   ;CE;88;ff8698bd04ee
5336;0735;00;MEDIANEIRA          ;MEDIANEIRA                  ;PR;6;fff239d99d25
